<?xml version="1.0" encoding="Windows-1252" standalone="no"?>
<AVS_DEFAULT_APPLICATION_SETTINGS>
  <Version>8.1</Version>
  <Experiment>
    <name>HgKalibreringSpektrum</name>
    <location>H:\Atomspektroskopi_v�te\hg\</location>
    <File>HgKalibreringSpektrum.ses.xml</File>
    <Description />
  </Experiment>
  <Program>
    <MeasureMode>-2</MeasureMode>
    <mAutoSaveSpectra>-1</mAutoSaveSpectra>
    <LineWidth>2</LineWidth>
  </Program>
  <Indicators>
    <ProgressBar>1</ProgressBar>
    <ScanCounter>1</ScanCounter>
    <TECvalues>1</TECvalues>
  </Indicators>
  <Options>
    <SaveAsFastAsPossible>0</SaveAsFastAsPossible>
    <SaveDelayBeforeFirst>0</SaveDelayBeforeFirst>
    <SaveDelayBetween>0</SaveDelayBetween>
    <NumberOfScansToSave>1</NumberOfScansToSave>
    <SaveScansAsSTR>0</SaveScansAsSTR>
    <UseNonLinearityCorrection>0</UseNonLinearityCorrection>
    <DisableScreenSaver>1</DisableScreenSaver>
    <DisablePowerManagement>0</DisablePowerManagement>
    <ShutTriggerOnSaveDark>0</ShutTriggerOnSaveDark>
    <AutoIncrementFilename>0</AutoIncrementFilename>
    <SuppressSaveComments>0</SuppressSaveComments>
    <SuppressAsciiHeader>0</SuppressAsciiHeader>
    <SaveASCIIEquidist>0</SaveASCIIEquidist>
    <SaveJCAMPDXEquidist>0</SaveJCAMPDXEquidist>
    <SaveGRAMSSPCEquidist>0</SaveGRAMSSPCEquidist>
    <StartWavEqui>0</StartWavEqui>
    <StopWavEqui>0</StopWavEqui>
    <IntervalEqui>1</IntervalEqui>
    <LibsOptions>AADoAwAAAQAAAAEAAAAAAAAAAABAAAAAQAAAcEEAAMhCAECcRQ==</LibsOptions>
    <AutoNameOptions>AAAAAAAAAAAAAAAAAAAAAAAAAAAAAAAAAAAA</AutoNameOptions>
    <MergeEnabled>0</MergeEnabled>
    <CommentPerSavedSpectra>1</CommentPerSavedSpectra>
    <SavePeriodicallyFolder />
    <SavePSubFolder>0</SavePSubFolder>
    <CommInterface>0</CommInterface>
    <SingleScanTrigger>0</SingleScanTrigger>
  </Options>
  <Devices>
    <NumberOf>0</NumberOf>
  </Devices>
  <ReportBug>
    <host>avamail2.avantes.local</host>
    <from>test@avantes.com</from>
  </ReportBug>
  <plugins>
    <PluginNumber>1</PluginNumber>
    <Plug1>
      <PlugName>Spectrum</PlugName>
      <NumberOfForms>1</NumberOfForms>
      <Form1>
        <Caption>Spectrum 1</Caption>
        <AllSplined>0</AllSplined>
        <MeasurementMode>1</MeasurementMode>
        <Grid>1</Grid>
        <VisibleSpectrum>0</VisibleSpectrum>
        <UvRegions>0</UvRegions>
        <Logarithmic>0</Logarithmic>
        <ShowLegend>0</ShowLegend>
        <Displayphotons>0</Displayphotons>
        <AutoScaleYAxis>0</AutoScaleYAxis>
        <MinX0>0</MinX0>
        <MinY0>0</MinY0>
        <MaxX0>0</MaxX0>
        <MaxY0>0</MaxY0>
        <MinX1>0</MinX1>
        <MinY1>0</MinY1>
        <MaxX1>0</MaxX1>
        <MaxY1>0</MaxY1>
        <MinX2>0</MinX2>
        <MinY2>0</MinY2>
        <MaxX2>0</MaxX2>
        <MaxY2>0</MaxY2>
        <MinX3>0</MinX3>
        <MinY3>0</MinY3>
        <MaxX3>0</MaxX3>
        <MaxY3>0</MaxY3>
        <MinX4>0</MinX4>
        <MinY4>0</MinY4>
        <MaxX4>0</MaxX4>
        <MaxY4>0</MaxY4>
        <MinX5>0</MinX5>
        <MinY5>0</MinY5>
        <MaxX5>0</MaxX5>
        <MaxY5>0</MaxY5>
        <MinX6>0</MinX6>
        <MinY6>0</MinY6>
        <MaxX6>0</MaxX6>
        <MaxY6>0</MaxY6>
        <MinX7>0</MinX7>
        <MinY7>0</MinY7>
        <MaxX7>0</MaxX7>
        <MaxY7>0</MaxY7>
        <OutputCount>2</OutputCount>
        <OutputFilename>FilenameEdt</OutputFilename>
        <Output_0>
          <Name>1804344U2</Name>
          <Active>0</Active>
          <Type>0</Type>
        </Output_0>
        <Output_1>
          <Name>1804343U2</Name>
          <Active>0</Active>
          <Type>0</Type>
        </Output_1>
        <SavePeriodicallyCount>0</SavePeriodicallyCount>
      </Form1>
    </Plug1>
  </plugins>
</AVS_DEFAULT_APPLICATION_SETTINGS>